iteration,bfs_time,dfs_time,flow_added,total_flow_after,num_augmenting_paths
1,0.000013,0.000007,5,5,1
2,0.000000,0.000007,2,7,1
3,0.000000,0.000005,8,15,1
4,0.000008,0.000004,2,17,1
