iteration,bfs_time,dfs_time,flow_added,total_flow_after,num_augmenting_paths
1,0.000006,0.000004,4,4,1
2,0.000000,0.000006,5,9,1
3,0.000000,0.000007,3,12,1
4,0.000000,0.000006,3,15,1
